{"cameraMode":{"drawMode":0,"name":"Shaded","section":"Shading Mode"},"sceneLighting":true,"audioPlay":false,"sceneViewState":{"m_AlwaysRefresh":false,"showFog":true,"showSkybox":true,"showFlares":true,"showImageEffects":true,"showParticleSystems":true,"showVisualEffectGraphs":true,"m_FxEnabled":true},"in2DMode":false,"pivot":{"x":-1.1993645429611207,"y":12.982908248901368,"z":42.67998504638672},"rotation":{"x":0.1352945864200592,"y":0.19184046983718873,"z":-0.026583148166537286,"w":0.9717716574668884},"size":6.439010143280029,"orthographic":false}