{"cameraMode":{"drawMode":0,"name":"Shaded","section":"Shading Mode"},"sceneLighting":true,"audioPlay":false,"sceneViewState":{"m_AlwaysRefresh":false,"showFog":true,"showSkybox":true,"showFlares":true,"showImageEffects":true,"showParticleSystems":true,"showVisualEffectGraphs":true,"m_FxEnabled":true},"in2DMode":false,"pivot":{"x":955.5462036132813,"y":20.232646942138673,"z":1.9141621589660645},"rotation":{"x":0.13405337929725648,"y":-0.8432883620262146,"z":0.24588419497013093,"w":0.45901501178741457},"size":2.1825931072235109,"orthographic":false}